{
   "like1":
    {
        "bboxes":
        [
            [
                0.3296875,
                0.5333333333333333,
                0.11875,
                0.2611111111111111
            ]
        ],
        "labels":
        [
            "like"
        ]
    }, 

    "like2":
    {
    "bboxes":
        [
            [
                0.415625,
                0.9111111111111111,
                0.134375,
                -0.25
            ]
        ],
        "labels":
        [
            "like"
        ]
    },

    "like3":
    {
    "bboxes":
        [
            [
                0.41875,
                0.4861111111111111,
                -0.1078125,
                -0.2611111111111111
            ]
        ],
        "labels":
        [
            "like"
        ]
    },

    "dislike1":
    {
    "bboxes":
        [
            [
                0.465625,
                0.44722222222222224,
                -0.0875,
                0.2722222222222222
            ]
        ],
        "labels":
        [
            "dislike"
        ]
    },

    "dislike2":
    {
    "bboxes":
        [
            [
                0.3328125,
                0.65,
                0.121875,
                -0.39166666666666666
            ]
        ],
        "labels":
        [
            "dislike"
        ]
    },

    "dislike3":
    {
    "bboxes":
        [
            [
                0.38125,
                0.5916666666666667,
                0.1078125,
                -0.31666666666666665
            ]
        ],
        "labels":
        [
            "dislike"
        ]
    },
    "peace1":
    {
    "bboxes":
        [
            [
                0.359375,
                0.3111111111111111,
                -0.15625,
                0.375
            ]
        ],
        "labels":
        [
            "peace"
        ]
    },

    "peace2":
    {
    "bboxes":
        [
            [
                0.2390625,
                0.6,
                0.14375,
                -0.3055555555555556
            ]
        ],
        "labels":
        [
            "peace"
        ]
    },

    "peace3":
    {
    "bboxes":
        [
            [
                0.3015625,
                0.8333333333333334,
                0.128125,
                -0.325
            ]
        ],
        "labels":
        [
            "peace"
        ]
    },

    "rock1":
    {
    "bboxes":
            [
                [
                    0.2484375,
                    0.7055555555555556,
                    0.165625,
                    -0.3388888888888889
                ]
            ],
            "labels":
            [
                "rock"
            ]
    },

    "rock2":
    {
    "bboxes":
        [
            [
                0.2671875,
                0.48333333333333334,
                0.1625,
                -0.2916666666666667
            ]
        ],
        "labels":
        [
            "rock"
            ]
    },

    "rock3":
    {
    "bboxes":
        [
            [
                0.2484375,
                0.6166666666666667,
                0.134375,
                -0.3388888888888889
            ]
        ],
        "labels":
        [
            "rock"
        ]
    },

    "stop1":
    {
    "bboxes":
        [
            [
                0.1921875,
                0.7277777777777777,
                0.2359375,
                -0.575
            ]
        ],
        "labels":
        [
            "stop"
        ]
    },

    "stop2":
    {
    "bboxes":
        [
            [
                0.4234375,
                0.35555555555555557,
                -0.140625,
                0.375
            ]
        ],
        "labels":
        [
            "stop"
        ]
    },

    "stop3":
    {
    "bboxes":
        [
            [
                0.4484375,
                0.24166666666666667,
                -0.209375,
                0.5805555555555556
            ]
        ],
        "labels":
        [
            "stop"
        ]
    }
}